regime,correlation,n,inside,AARD_pct,mean_bias_pct
laminar,16Re,4,3/4,13.641851385828318,-9.776660613688716
laminar,Churchill,4,3/4,13.717934802931985,-9.84714794296134
transition,Blasius,7,1/7,12.908594869180595,5.698286116617894
transition,Churchill,7,0/7,13.612171830953843,16.13562487142807
transition,Colebrook,7,1/7,13.15726883603818,3.9078905624162066
transition,Haaland,7,2/7,12.921749585678358,2.0374991401730798
transition,Romeo,7,1/7,13.105935234811044,3.6869614387953566
turbulent,Blasius,26,22/26,5.683971326256536,-1.8953879591676195
turbulent,Churchill,26,22/26,3.932379956098722,0.28833533944977435
turbulent,Colebrook,26,22/26,4.074433400742612,0.22803561442550757
turbulent,Haaland,26,22/26,3.9103914154470787,0.6935123095583985
turbulent,Romeo,26,22/26,4.115246373006746,0.09748553866816702
