quantity,instrument,unit,U_B,U_A,U_c,typical,frac_U_median,frac_U_min,frac_U_max
"dP, side A","PX409-001, 0-1 psid",Pa,5.5158058345344,14.731327474886134,15.730102452832874,511.7633600853949,0.030946799102157852,0.007810001763990222,0.38027551385274067
"Q, side A",FTB2001 turbine,L/min,0.036447368421052624,0.006318706471002024,0.0369784002324628,1.2149122807017543,0.030466350355938136,0.03001460141598294,0.03202204400804676
"dP, side B","PX409-015, 0-15 psid",Pa,82.737087518016,41.81563406315443,92.70789905744496,17114.41664742732,0.005282051496534178,0.0020410532411844384,0.02989404960936802
"Q, side B",FV102 vortex,L/min,0.9084988281599999,0.0373149361385545,0.9092667770887091,10.155083088235294,0.08959377659521514,0.029796741453952707,0.18133744119189693
T (fraction = effect on mu),Oakton thermometer,°C,0.03,0.2,0.20223748416156687,23.11,0.004743906998460153,0.004690322078442441,0.007132462196313596
"D, 0.408 in",digital caliper,mm,0.03,0.01,0.0316227766016838,10.363199999999999,0.003051449031349757,0.003051449031349757,0.003051449031349757
"L, 0.408 in","tape, 1/16-in marks",mm,0.79375,1.5875,1.774878957140458,1930.3999999999999,0.0009194358460114267,0.0009194358460114267,0.0009194358460114267
"D, 0.282 in",digital caliper,mm,0.03,0.01,0.0316227766016838,7.162799999999999,0.0044148624283358185,0.0044148624283358185,0.0044148624283358185
"L, 0.282 in","tape, 1/16-in marks",mm,0.79375,1.5875,1.774878957140458,1790.6999999999998,0.000991164883643524,0.000991164883643524,0.000991164883643524
