item,side,Q_LPM,Re,dP_Pa,dP_psi,term_dP,term_2Q,term_D,U_rel,flag
PVC 0.470 in,A,0.6,1141.0775016774392,31.354834862311066,0.004547634315334131,0.5016802838193439,0.06093270071187628,0.01465907187133523,0.5055807655723645,U_f/f > 20%
PVC 0.470 in,A,0.9,1711.6162525161585,47.03225229346658,0.006821451473001194,0.3344535225462294,0.06093270071187627,0.01465907187133523,0.3402763025649332,U_f/f > 20%
PVC 0.470 in,A,1.2,2282.1550033548783,68.42387192074975,0.009924043590127649,0.22989202468769782,0.06093270071187628,0.01465907187133523,0.2382837517723142,U_f/f > 20%
PVC 0.470 in,A,1.4,2662.5141705806905,118.35760213497359,0.01716631885682965,0.1329031863529514,0.06093270071187627,0.01465907187133523,0.14694237063028523,ok
PVC 0.470 in,A,1.8,3423.232505032317,213.95491614861845,0.031031537014453856,0.07352064040401086,0.06093270071187627,0.01465907187133523,0.09661308352959581,ok
PVC 0.470 in,A,2.0,3803.59167225813,256.1528200304744,0.037151825530435376,0.06140905437215749,0.06093270071187628,0.01465907187133523,0.08774893334145652,ok
PVC 0.470 in,A,2.4,4564.310006709757,343.48099278001104,0.04981770614614174,0.04579613656499333,0.06093270071187628,0.01465907187133523,0.07762789104413634,ok
PVC 0.470 in,A,3.6,6846.465010064634,688.8944587054124,0.09991569382551528,0.022833835073072403,0.06093270071187627,0.01465907187133523,0.06670972468707283,ok
PVC 0.470 in,A,4.8,9128.620013419513,1132.5399924683743,0.1642610383966098,0.013889224713865573,0.06093270071187628,0.01465907187133523,0.06420057559580784,ok
Steel 0.310 in,A,0.6,1730.0207283496657,199.55948170581334,0.028943655769225758,0.07882412961976862,0.06093270071187628,0.0222250444500889,0.10208213650546201,ok
Steel 0.310 in,A,0.65,1874.1891223788043,216.18943851463112,0.031355627083327904,0.07276073503363256,0.06093270071187627,0.0222250444500889,0.0974763753216141,ok
Steel 0.310 in,A,0.7,2018.3575164079432,232.81939532344887,0.03376759839743005,0.06756353967408739,0.06093270071187627,0.0222250444500889,0.09366083000111453,ok
Steel 0.310 in,A,0.9,2595.031092524498,454.04823747283723,0.06585412918345257,0.03464412182367276,0.06093270071187627,0.0222250444500889,0.07353729910827003,ok
Steel 0.310 in,A,1.1,3171.704668641054,782.4680713255952,0.11348739891119028,0.020103187630626494,0.06093270071187628,0.0222250444500889,0.06790918447542917,ok
Steel 0.310 in,A,1.3,3748.3782447576086,1049.5026992742705,0.15221749724449626,0.01498814863812186,0.06093270071187627,0.0222250444500889,0.06657449799137902,ok
Steel 0.310 in,A,1.6,4613.388608932441,1469.219452214957,0.21309226557848576,0.010706434923059711,0.06093270071187628,0.0222250444500889,0.06574303713677523,ok
Steel 0.310 in,A,3.2,9226.777217864881,4847.163473200792,0.7030216245615833,0.003245218062027853,0.06093270071187628,0.0222250444500889,0.06494652125769175,ok
Steel 0.310 in,A,4.8,13840.165826797325,9814.30350761205,1.4234443781417836,0.0016027731810650122,0.06093270071187628,0.0222250444500889,0.06488519141588191,OVER transducer range
Copper 0.312 in,A,0.6,1718.9308518858859,177.3665197627311,0.02572483877546831,0.08868698824262627,0.06093270071187628,0.02208257621643448,0.1098487370231087,ok
Copper 0.312 in,A,0.65,1862.1750895430428,192.14706307629197,0.027868575340090664,0.08186491222396274,0.06093270071187627,0.02208257621643448,0.10441851845080682,ok
Copper 0.312 in,A,0.7,2005.4193272001999,206.9276063898529,0.030012311904713027,0.07601741849367968,0.06093270071187627,0.02208257621643448,0.09990000528762547,ok
Copper 0.312 in,A,0.9,2578.3962778288287,396.8362463563301,0.057556231420873114,0.03963877442462346,0.06093270071187627,0.02208257621643448,0.0759775991981225,ok
Copper 0.312 in,A,1.1,3151.373228457457,691.2864221391978,0.10026261879068493,0.022754826290607297,0.06093270071187628,0.02208257621643448,0.06869603526798379,ok
Copper 0.312 in,A,1.3,3724.3501790860855,928.6235683715252,0.13468546155956734,0.016939159190648014,0.06093270071187627,0.02208257621643448,0.06699476290062138,ok
Copper 0.312 in,A,1.6,4583.815605029028,1299.8737788686708,0.18853075222194013,0.012101253759056034,0.06093270071187628,0.02208257621643448,0.06593787594823955,ok
Copper 0.312 in,A,3.2,9167.631210058056,4287.805078857481,0.621893548465623,0.0036685675219696044,0.06093270071187628,0.02208257621643448,0.06492165686184859,ok
Copper 0.312 in,A,4.8,13751.446815087087,8681.026478015676,1.2590764415475055,0.0018120095005663994,0.06093270071187628,0.02208257621643448,0.06484324575817055,OVER transducer range
PVC 0.470 in,B,6.0,11410.775016774389,1668.3868884716878,0.24197905996268917,0.05556485966846689,0.30292467533311,0.01465907187133523,0.3083290805021223,U_f/f > 20%
PVC 0.470 in,B,11.0,20919.754197419712,4813.783907918564,0.6981803279266309,0.019257965273045186,0.16534972149730082,0.01465907187133523,0.1671149572998493,ok
PVC 0.470 in,B,16.0,30428.73337806504,9313.590641459152,1.3508221167825543,0.009953592218018684,0.11380674789403657,0.01465907187133523,0.11518272089118704,ok
PVC 0.470 in,B,21.0,39937.712558710366,15069.422352137102,2.185634926855128,0.006151774179817349,0.08684421702662044,0.01465907187133523,0.08829366729366221,ok
PVC 0.470 in,B,26.0,49446.691739355694,22017.380689979604,3.193351086019602,0.004210477378575286,0.07028096895793055,0.01465907187133523,0.07192462752811993,ok
PVC 0.470 in,B,30.0,57053.87508387194,28402.42823134244,4.119423936718751,0.0032639351317272146,0.061023596887380654,0.01465907187133523,0.06285333704152352,ok
Steel 0.310 in,B,6.0,17300.207283496653,14500.207849615615,2.103077343126181,0.006393265827089294,0.30292467533311,0.0222250444500889,0.3038074356245557,U_f/f > 20%
Steel 0.310 in,B,11.0,31717.046686410536,42157.22880227618,6.114389094457275,0.00219899851020649,0.16534972149730082,0.0222250444500889,0.16685350209343958,ok
Steel 0.310 in,B,16.0,46133.88608932441,81939.27979783484,11.884287773121223,0.0011313704923861076,0.11380674789403657,0.0222250444500889,0.11596543033408899,ok
Steel 0.310 in,B,21.0,60550.72549223829,133020.50537728693,19.292993171651837,0.0006969127283624685,0.08684421702662044,0.0222250444500889,0.08965003561338006,OVER transducer range
Steel 0.310 in,B,26.0,74967.56489515219,194867.84141312278,28.263190874929986,0.0004757259210056432,0.07028096895793055,0.0222250444500889,0.07371815298812173,OVER transducer range
Steel 0.310 in,B,30.0,86501.03641748328,251834.95432359446,36.525572056486624,0.0003681128522433791,0.061023596887380654,0.0222250444500889,0.064951828698722,OVER transducer range
Copper 0.312 in,B,6.0,17189.308518858856,12825.283636376784,1.8601501243684575,0.007228197516638219,0.30292467533311,0.02208257621643448,0.3038160214521132,U_f/f > 20%
Copper 0.312 in,B,11.0,31513.732284574566,37283.41511846499,5.407502183638726,0.0024864590069359556,0.16534972149730082,0.02208257621643448,0.16683909015458395,ok
Copper 0.312 in,B,16.0,45838.15605029029,72461.30841661655,10.509624245717584,0.0012793542561726776,0.11380674789403657,0.02208257621643448,0.11594042323327466,ok
Copper 0.312 in,B,21.0,60162.579816006,117628.09694273882,17.06051307408547,0.00078810833244856,0.08684421702662044,0.02208257621643448,0.08961645089877025,OVER transducer range
Copper 0.312 in,B,26.0,74487.00358172171,172311.9820375668,24.991740058538447,0.0005379990540090737,0.07028096895793055,0.02208257621643448,0.07367681566564196,OVER transducer range
Copper 0.312 in,B,30.0,85946.54259429428,222679.17325364705,32.296883528343976,0.0004163105241325982,0.061023596887380654,0.02208257621643448,0.06490471336896352,OVER transducer range
"Globe valve, tour 1/2-open K = 7",B,20.5,23165.363945769324,4054.920723819948,0.5881165284582186,0.022862021145337637,0.08894694688722866,0.006968155529231412,0.09210204429266974,ok
"Globe valve, tour 1/2-open K = 7",B,22.5,25425.399452673657,4884.7200866956555,0.7084687508196864,0.018978300022376573,0.08109877100635382,0.006968155529231412,0.08358074970924771,ok
"Globe valve, tour 1/2-open K = 7",B,24.5,27685.43495957798,5791.710087978405,0.8400165287496628,0.01600627136414517,0.07453685974814299,0.006968155529231412,0.0765538985001845,ok
"Globe valve, tour 1/2-open K = 7",B,26.5,29945.470466482308,6775.8907276681975,0.982759862248148,0.013681401760524224,0.06896997268342789,0.006968155529231412,0.07065828385663794,ok
"Globe valve, tour 1/2-open K = 7",B,28.5,32205.505973386626,7837.26200576503,1.1366987513151414,0.011828580346356588,0.06418862027945096,0.006968155529231412,0.0656403037612511,ok
"Globe valve, tour 1/2-open K = 7",B,30.5,34465.54148029096,8975.823922268908,1.301833195950644,0.010328153062432828,0.0600382603370539,0.006968155529231412,0.061317360033358075,ok
Globe valve 1/4 open if K = 112,B,20.5,23165.363945769324,64878.731581119166,9.409864455331498,0.0014288763215836023,0.08894694688722866,0.006968155529231412,0.08923091526809201,ok
Globe valve 1/4 open if K = 112,B,22.5,25425.399452673657,78155.52138713049,11.335500013114983,0.0011861437513985358,0.08109877100635382,0.006968155529231412,0.08140622081401123,ok
Globe valve 1/4 open if K = 112,B,24.5,27685.43495957798,92667.36140765448,13.440264459994605,0.0010003919602590732,0.07453685974814299,0.006968155529231412,0.07486854771309544,ok
Globe valve 1/4 open if K = 112,B,26.5,29945.470466482308,108414.25164269116,15.724157795970369,0.000855087610032764,0.06896997268342789,0.006968155529231412,0.06932635500481169,OVER transducer range
Globe valve 1/4 open if K = 112,B,28.5,32205.505973386626,125396.19209224048,18.187180021042263,0.0007392862716472867,0.06418862027945096,0.006968155529231412,0.06456996754723164,OVER transducer range
Globe valve 1/4 open if K = 112,B,30.5,34465.54148029096,143613.18275630253,20.829331135210303,0.0006455095664020517,0.0600382603370539,0.006968155529231412,0.06044472332949945,OVER transducer range
