side,kind,pipe,note,time,T_note,T,T_source,UA_T,U_T,n_Q,dropouts,Q_plain,n_P,neg_dP,dP_pos_only,Q,SSD_Q,kc_Q,UA_Q,UB_Q,U_Q,dP,SSD_dP,kc_dP,UA_dP,UB_dP,U_dP,valid,rho,mu,U_rho,U_mu,D_in,L_in,v,Re,U_Re,F_hat,U_F_hat,Re_report,F_hat_report,f,term_dP,term_5D,term_2Q,term_L,term_rho,Uf_rel,U_f,largest,f_report,regime,f_16Re,f_Blasius,f_Churchill,f_Colebrook,f_Haaland,f_Romeo,inside_16Re,inside_Blasius,inside_Churchill,inside_Colebrook,inside_Haaland,inside_Romeo,dP_HP,K,term_4D,UK_rel,U_K,K_report,K_darby
A,pipe,0.41,"PVC (1) 0.41"" 1.7 LPM (21.90C)",12:22:13,21.9,21.9,note,0.2,0.20223748416156687,60,0,1.7438166666666668,60,0,511.7633600853949,1.7438166666666668,0.02187831653631685,2.000995378088267,0.005651768463243163,0.0523145,0.05261890721985881,511.7633600853949,38.77797796280768,2.000995378088267,10.017413933779316,5.5158058345344,11.43558900647272,True,997.7931995881519,0.0009569746210772911,0.04570978145295612,4.617795179732878e-06,0.408,76,0.34456561258722734,3723.1105504578877,114.3366173029209,0.5128952174625261,0.011460904968092902,3720 ± 110,0.513 ± 0.011,0.011595817153586185,0.02234546256802076,0.015257245156748783,0.06034912754956137,0.0009194358460114266,4.5810876914999264e-05,0.06614354000245642,0.0007669883957593983,2Q,0.0116 ± 0.0008,transition,0.004297481845665914,0.010126281601781967,0.01037777044976392,0.010194050806039665,0.01033864455844502,0.010214149874449486,False,False,False,False,False,False,189.66267923289968,,,,,,
A,pipe,0.41,"PVC (1) 0.41"" 1.2 LPM (21.90C)",12:44:33,21.9,22.4865,interpolated,0.3,0.3014962686336267,57,0,1.2149122807017543,57,0,259.73881290560786,1.2149122807017543,0.023533623895058864,2.003240718847872,0.006244310925335216,0.036447368421052624,0.0369784002324628,259.73881290560786,55.519580048827635,2.003240718847872,14.731327474886134,5.5158058345344,15.730102452832874,True,997.6589040949884,0.0009437327061786532,0.0699227644495295,6.73113785024397e-06,0.408,76,0.24005791562936404,2629.9227218424144,82.60658056512047,0.26034831327569424,0.01576702510453826,2630 ± 80,0.260 ± 0.016,0.012126606401177438,0.060561231788448106,0.015257245156748783,0.06087418955235754,0.0009194358460114266,7.008684447412304e-05,0.08721790844548112,0.0010576572468522791,2Q,0.0121 ± 0.0011,transition,0.006083828953267138,0.011045636238477676,0.009547705422351322,0.011334308069968844,0.011583060696450227,0.011359996893174636,False,False,False,True,True,True,130.30904590825529,,,,,,
A,pipe,0.41,"PVC (1) 0.41"" 1.5 LPM (21.90C)",12:47:20,21.9,22.557153846153845,interpolated,0.3,0.3014962686336267,54,0,1.546537037037037,54,0,414.13232000722974,1.546537037037037,0.02066508582579037,2.0057459953178687,0.005640482643388371,0.04639611111111111,0.046737716789386846,414.13232000722974,42.383193348734856,2.0057459953178687,11.568384882126136,5.5158058345344,12.816069708974286,True,997.6424929476365,0.0009421574787019007,0.07013565473067729,6.712996537416741e-06,0.408,76,0.3055845787815054,3353.333539782482,104.62108494839836,0.41511094699227735,0.012846388228790978,3350 ± 100,0.415 ± 0.013,0.0119321277292276,0.030946799102157852,0.015257245156748783,0.060441768506146104,0.0009194358460114266,7.030139075517357e-05,0.06960276998190144,0.0008305091417320965,2Q,0.0119 ± 0.0008,transition,0.004771371475632531,0.0103945883591433,0.010685413468282872,0.010519298695487086,0.010691141084024209,0.010540878051618323,False,False,False,False,False,False,165.60157447693783,,,,,,
A,pipe,0.41,"PVC (1) 0.41"" 0.6 LPM (21.90C)",12:51:14,21.9,22.567470355731224,interpolated,0.3,0.3014962686336267,53,0,0.5865660377358489,53,12,61.09427620994962,0.5865660377358489,0.023831547799859965,2.006646805061688,0.006568788106162779,0.017596981132075466,0.018783043474002968,42.591387505343455,55.24825313592903,2.006646805061688,15.228304562227956,5.5158058345344,16.19646176929568,True,997.6400925038821,0.0009419278275213644,0.07016671455863843,6.710353212073137e-06,0.408,76,0.11590122400977673,1272.1495499987857,41.91302964009405,0.04269213699947381,0.016234774612619744,1270 ± 40,0.043 ± 0.016,0.008530773763222971,0.38027551385274067,0.015257245156748783,0.06404408801609351,0.0009194358460114266,7.033269320856349e-05,0.3859336024298932,0.0032923122499550583,dP,0.009 ± 0.003,laminar,0.012577137648647733,0.013244694376658971,0.012577137650098541,0.014381685059577593,0.015031910565345785,0.014428793226528725,False,False,False,False,False,False,62.793570450896354,,,,,,
A,pipe,0.41,"PVC (1) 0.41"" 1.0 LPM (21.90C)",12:54:03,21.9,22.654308300395257,interpolated,0.3,0.3014962686336267,53,0,1.077566037735849,53,0,151.95784894621772,1.077566037735849,0.024575245075828065,2.006646805061688,0.006773776462856659,0.032326981132075466,0.033029044138187136,151.95784894621772,44.469918145242026,2.006646805061688,12.257427501046099,5.5158058345344,13.441303617867016,True,997.6198449679644,0.0009399983461029403,0.07042790179554004,6.688159456151165e-06,0.408,76,0.21291928732701879,2341.7842122747234,74.03360012528672,0.15232039510109927,0.013473376623927863,2340 ± 70,0.152 ± 0.013,0.009018714210150491,0.08845415824900418,0.015257245156748783,0.06130305332856782,0.0009194358460114266,7.059593105608441e-05,0.1087006731109732,0.0009803403052388575,dP,0.0090 ± 0.0010,transition,0.006832397244858947,0.011370767120999763,0.007887144696866317,0.011755478373508717,0.012048890857993119,0.011783531044865762,False,False,False,False,False,False,115.12022271493016,,,,,,
A,pipe,0.41,"PVC (1) 0.41"" 0.87 LPM (21.90C)",12:56:47,21.9,22.720078125,interpolated,0.3,0.3014962686336267,52,0,0.8751730769230769,52,1,93.98500529824301,0.8751730769230769,0.028688811205522698,2.007583770315836,0.007987016043538402,0.026255192307692306,0.027443169430545828,91.87264093146361,52.20070216874938,2.007583770315836,14.53276828792094,5.5158058345344,15.544306614149255,True,997.6044597444009,0.0009385412302073356,0.07062541859176008,6.671416739776617e-06,0.408,76,0.17292789611093404,1904.8639531093468,61.522440887024445,0.09209325402875862,0.015581634407363843,1900 ± 60,0.092 ± 0.016,0.008266359302764596,0.1691940762402292,0.015257245156748783,0.06271483927963185,0.0009194358460114266,7.079501089024323e-05,0.18108953698277597,0.0014969511786709034,dP,0.0083 ± 0.0015,laminar,0.00839954999089719,0.011973207047394036,0.008401531772124592,0.012561897798113415,0.01295035502853777,0.012594973707942242,True,False,True,False,False,False,93.35292745398726,,,,,,
A,pipe,0.41,"PVC (1) 0.41"" 5 LPM (22.74C)",13:00:06,22.74,22.74,note,0.2,0.20223748416156687,56,0,4.8845535714285715,56,0,2883.1412586709585,4.8845535714285715,0.017074084181863177,2.0040447832891455,0.004572469603317251,0.14653660714285713,0.14660792854144453,2883.1412586709585,90.83735307837041,2.0040447832891455,24.326402012111966,5.5158058345344,24.943896024061054,True,997.5997910153877,0.0009381005854875767,0.047414508492749974,4.471580982823298e-06,0.408,76,0.9651526021778369,10636.452576939959,324.8754110610714,2.890078049972734,0.025004287935829466,10600 ± 300,2.890 ± 0.025,0.00832787455847204,0.008651638538015803,0.015257245156748783,0.06002920283196588,0.0009194358460114266,4.752858703437581e-05,0.06254588070407541,0.0005208742486526969,2Q,0.0083 ± 0.0005,turbulent,0.0015042609257421332,0.007788920685916646,0.007624996264203935,0.0075999364828592585,0.007594344073404841,0.007610948419680474,False,False,False,False,False,False,520.7807476400612,,,,,,
A,pipe,0.41,"PVC (1) 0.41"" 3 LPM (22.74C)",13:02:35,22.74,22.74,note,0.2,0.20223748416156687,62,0,2.9294516129032253,62,0,1197.1411570432717,2.9294516129032253,0.02364885012236318,1.999623584994939,0.0060056834104477725,0.08788354838709675,0.08808851406587412,1197.1411570432717,72.7363642532676,1.999623584994939,18.471577851434404,5.5158058345344,19.277533616256147,True,997.5997910153877,0.0009381005854875767,0.047414508492749974,4.471580982823298e-06,0.408,76,0.5788385378114907,6379.0831037958,195.1871550547913,1.2000214593316871,0.01932399922164007,6380 ± 200,1.200 ± 0.019,0.009613703238294444,0.016102974576421937,0.015257245156748783,0.06013993450369657,0.0009194358460114266,4.752858703437581e-05,0.06410732144874293,0.0006163087638101628,2Q,0.0096 ± 0.0006,turbulent,0.00250819745403213,0.008850889494350806,0.008810332386772639,0.008727735236228606,0.008773142045101804,0.008742159548579915,False,False,False,False,False,False,312.33192119478315,,,,,,
A,pipe,0.285,"PVC (1) 0.285"" 0.6 LPM (23.03C)",13:29:53,23.03,23.03,note,0.2,0.20223748416156687,53,0,0.6428301886792452,53,0,266.1376315162848,0.6428301886792452,0.023866403687269604,2.006646805061688,0.0065783955786009535,0.019284905660377355,0.020376036776522836,266.1376315162848,63.80982330794629,2.006646805061688,17.588165566151314,5.5158058345344,18.432788231481272,True,997.5313826245311,0.0009317238425113685,0.04799638997212696,4.422567719330117e-06,0.282,70.5,0.26588233390464466,2038.9738962068802,65.96792150784864,0.2667962493731974,0.018478408800422032,2040 ± 70,0.267 ± 0.018,0.007547980177558026,0.06926036023715565,0.02207431214167909,0.06339477247758793,0.0009911648836435237,4.811516791165728e-05,0.0964580460982387,0.0007280634199154839,dP,0.0075 ± 0.0007,laminar,0.007847084275951217,0.011771276660398887,0.007868186851278951,0.012288600357453957,0.012642912931788496,0.012319884375739045,True,False,True,False,False,False,276.683877591474,,,,,,
A,pipe,0.285,"PVC (1) 0.285"" 0.5 LPM (23.06C)",13:32:23,23.06,23.06,note,0.2,0.20223748416156687,51,0,0.5456470588235294,51,0,231.08252237670706,0.5456470588235294,0.019913637065500363,2.0085591121007607,0.005600800677790929,0.016369411764705882,0.01730105805304504,231.08252237670706,78.68816741316138,2.0085591121007607,22.131403717570297,5.5158058345344,22.808400744339092,True,997.5242583272073,0.0009310681786351162,0.04805639282295715,4.417539254396611e-06,0.282,70.5,0.22568621704945294,1731.9280414461862,56.05041193986507,0.2316560428958586,0.02286501132256353,1730 ± 60,0.232 ± 0.023,0.009096274450088922,0.09870240513974138,0.02207431214167909,0.06341483115605126,0.0009911648836435237,4.817566332025353e-05,0.11938117764609929,0.0010859239560437398,dP,0.0091 ± 0.0011,laminar,0.009238259106099904,0.012261511859442176,0.009238330102187137,0.012960975940796053,0.013400667234014887,0.01299678109251485,True,False,True,False,False,False,234.68951253843048,,,,,,
A,pipe,0.285,"PVC (1) 0.285"" 0.7 LPM (23.11C)",13:36:45,23.11,23.11,note,0.2,0.20223748416156687,51,0,0.7696470588235295,51,0,535.9659860542065,0.7696470588235295,0.02826575562719792,2.0085591121007607,0.00794987187696368,0.023089411764705883,0.024419692842054266,535.9659860542065,61.783769456319675,2.0085591121007607,17.376965177643655,5.5158058345344,18.23137495608392,True,997.5123647273,0.0009299770612261084,0.048156318079293214,4.4091757890842216e-06,0.282,70.5,0.3183353238330145,2445.7592724025185,79.20127099133033,0.5373025989514716,0.018276859477328933,2450 ± 80,0.537 ± 0.018,0.010604233254018334,0.034015917857593364,0.02207431214167909,0.06345686002979556,0.0009911648836435237,4.827641218508423e-05,0.07531344997742719,0.0007986413907254796,2Q,0.0106 ± 0.0008,transition,0.0065419357418127575,0.011247941691250624,0.008459101874901532,0.01159614480909087,0.011871727962734573,0.011623270034783048,False,True,False,False,False,False,330.6467291480298,,,,,,
A,pipe,0.285,"PVC (1) 0.285"" 1.2 LPM (23.19C)",13:38:58,23.19,23.19,note,0.2,0.20223748416156687,54,0,1.251185185185185,54,0,1563.0542464302468,1.251185185185185,0.024341961653385067,2.0057459953178687,0.00664407655353604,0.037535555555555544,0.03811904621201118,1563.0542464302468,39.89876067380604,2.0057459953178687,10.8902652991862,5.5158058345344,12.207456421832635,True,997.4932836171923,0.0009282355663939248,0.04831599226668004,4.395839096348476e-06,0.282,70.5,0.5175053117331804,3983.3586612380245,124.06858797091374,1.5669822264488547,0.012238369317019207,3980 ± 120,1.567 ± 0.012,0.011702117177978859,0.007810001763990222,0.02207431214167909,0.06093270071187627,0.0009911648836435237,4.843741111867201e-05,0.06528437909740938,0.0007639654540894782,2Q,0.0117 ± 0.0008,transition,0.004016710861538944,0.009956670394726306,0.010164718327751728,0.009992657909650418,0.010120755125955607,0.010011871016524005,False,False,False,False,False,False,536.5129124348172,,,,,,
A,pipe,0.285,"PVC (1) 0.285"" 0.9 LPM (23.30C)",13:41:45,23.3,23.3,note,0.2,0.20223748416156687,54,0,0.9716851851851852,54,0,936.4867933790744,0.9716851851851852,0.02314990042284633,2.0057459953178687,0.006318706471002024,0.029150555555555555,0.029827519854393084,936.4867933790744,52.065162215476526,2.0057459953178687,14.211053671748463,5.5158058345344,15.243954882693638,True,997.4669440601549,0.0009258496027716162,0.04853513123771336,4.37759081936426e-06,0.282,70.5,0.4019007342956562,3101.41363704307,97.29426598307741,0.9388649909210395,0.01528273501213215,3100 ± 100,0.939 ± 0.015,0.01162506905589801,0.01627781084631178,0.02207431214167909,0.061393381949542664,0.0009911648836435237,4.865838565050865e-05,0.06724860225420361,0.0007817696451177356,2Q,0.0116 ± 0.0008,transition,0.005158937785304451,0.010599528830247246,0.010793590271398219,0.010772858614361305,0.010966735997617593,0.010795641004027304,False,False,False,False,True,False,415.59126062573773,,,,,,
A,pipe,0.285,"PVC (1) 0.285"" 1.3 LPM (23.39C)",13:44:12,23.39,23.39,note,0.2,0.20223748416156687,48,0,1.3093958333333333,48,0,1714.6112261893288,1.3093958333333333,0.015422751339020201,2.0117405137297655,0.004478300169704046,0.039281875,0.039536323500366045,1714.6112261893288,44.56035474830843,2.0117405137297655,12.938978256528104,5.5158058345344,14.06560600639698,True,997.4453049428039,0.0009239048147951242,0.048714072427912924,4.362737184834657e-06,0.282,70.5,0.541581939216297,4188.021069970244,129.3202688048999,1.7190027540283515,0.014101881282642857,4190 ± 130,1.719 ± 0.014,0.011721365869556266,0.008203379163483819,0.02207431214167909,0.060388650236832195,0.0009911648836435237,4.8838840773034984e-05,0.06482549310814034,0.0007598433223949112,2Q,0.0117 ± 0.0008,turbulent,0.003820420129861878,0.009832733511834533,0.010007491698872932,0.009846207597383704,0.009963196399158986,0.009864805338452918,False,False,False,False,False,False,558.8542595052407,,,,,,
A,pipe,0.285,"PVC (1) 0.285"" 4 LPM (23.40C)",13:46:29,23.4,23.4,note,0.2,0.20223748416156687,53,0,4.35188679245283,53,0,9436.854307159045,4.35188679245283,0.022219759378118372,2.006646805061688,0.006124524195849356,0.13055660377358488,0.13070017821532756,9436.854307159045,3.0911883431616277e-12,2.006646805061688,8.520370306199098e-13,5.5158058345344,5.5158058345344,False,997.4428956826443,0.0009236891348838797,0.04873393515526914,4.361091027211357e-06,0.282,70.5,1.7999929649282738,13922.455514659312,427.7084905097043,9.461047191779851,0.005549233174208968,13900 ± 400,9.461 ± 0.006,0.005840198238777554,0.0005844962373054721,0.02207431214167909,0.060065982617926394,0.0009911648836435237,4.8858872388795655e-05,0.06400409326951458,0.0003737965927871733,2Q,0.0058 ± 0.0004,turbulent,0.0011492225622953644,0.0072819471689810145,0.007097272060386833,0.007090846088167144,0.007068232615362475,0.007100528310057511,False,False,False,False,False,False,1856.965370605537,,,,,,
A,pipe,0.285,"PVC (1) 0.285"" 2.3 LPM (23.C)",13:49:21,23.0,23.5,interpolated,0.3,0.3014962686336267,52,0,2.344730769230769,52,0,4533.289661109318,2.344730769230769,0.03662802708342524,2.007583770315836,0.010197307858548,0.07034192307692307,0.07107722018848069,4533.289661109318,213.74473662772075,2.007583770315836,59.50691467964547,5.5158058345344,59.7620030512272,True,997.4187491004465,0.0009215368044668936,0.07294800997925677,6.477160988455489e-06,0.282,70.5,0.9698089795409103,7518.546131223695,236.30401461511485,4.545021501949716,0.059917585059092865,7520 ± 240,4.55 ± 0.06,0.009664814789368122,0.013182921789428108,0.02207431214167909,0.06062719107985165,0.0009911648836435237,7.313679439558082e-05,0.06586128406343567,0.000636537112263068,2Q,0.0097 ± 0.0006,turbulent,0.0021280710021254986,0.008494601623489258,0.008402411764610698,0.008341866498735856,0.008366725022643162,0.00835502746128053,False,False,False,False,False,False,998.1735276142623,,,,,,
B,pipe,0.285,PVC 0.285 inches 5.03 LPM 22.47,12:43:54,22.47,22.47,note,0.2,0.20223748416156687,24,10,4.370470588235294,34,0,14596.708157084686,5.053708333333334,0.28484816385098116,2.0686576104190486,0.12028083067102344,0.9084988281599999,0.9164265376968328,14596.708157084686,88.76886867570124,2.0345152974493383,30.97292252018777,82.737087518016,88.34448245592587,True,997.6627294501187,0.000944101186531235,0.04686971088943892,4.517881897000845e-06,0.282,70.5,2.090274834946316,15821.637204364639,2870.9040016719246,14.63090453938271,0.0885541187946478,15800 ± 2900,14.63 ± 0.09,0.006697217266596869,0.006052356565959485,0.02207431214167909,0.36267488238379386,0.0009911648836435237,4.6979514725654906e-05,0.3633978002183418,0.002433754022265598,2Q,0.0067 ± 0.0024,turbulent,0.0010112733463251298,0.007052833446594015,0.006864932466088347,0.006865462874704031,0.0068369511257253416,0.0068746012370572585,False,True,True,True,True,True,2204.088850001898,,,,,,
B,pipe,0.285,PVC 0.285 inches 5.5 LPM 22.58 C,12:48:14,22.58,22.58,note,0.2,0.20223748416156687,32,5,5.077972972972972,37,0,16387.160982734968,5.47184375,0.20297546480921308,2.0395134463964086,0.07318045887501856,0.9084988281599999,0.9114414409764631,16387.160982734968,84.54563518129575,2.0280940009804502,28.188918220330578,82.737087518016,87.40732670317931,True,997.6371756792561,0.0009416490323359869,0.04709202227456899,4.498940068546197e-06,0.282,70.5,2.263220695967472,17174.863359127907,2862.986734436316,16.425972670452587,0.08761777482588105,17200 ± 2900,16.43 ± 0.09,0.006413679883717759,0.00533389076944256,0.02207431214167909,0.3331386942386515,0.0009911648836435237,4.720355598467518e-05,0.3339133119273693,0.0021416130916141417,2Q,0.0064 ± 0.0021,turbulent,0.0009315940200185929,0.006909604045399569,0.006721832603908197,0.006726246528233481,0.006694480423790497,0.00673506017484118,False,True,True,True,True,True,2380.2530611722227,,,,,,
B,pipe,0.285,PVC 0.285 inches 6.0 LPM 22.55 C,12:50:40,22.55,22.55,note,0.2,0.20223748416156687,33,1,6.0120588235294115,34,0,19480.812272679443,6.054545454545454,0.19518950581887895,2.0369333434601016,0.06921118928619939,0.9084988281599999,0.9111313349295497,19480.812272679443,84.60564466515129,2.0345152974493383,29.52030499067941,82.737087518016,87.84574012270926,True,997.6441568793251,0.0009423167803692559,0.047031440683326764,4.504095274534853e-06,0.282,70.5,2.504233162250486,18990.49677602078,2860.4961345965094,19.52681438401472,0.08805799132879234,19000 ± 2900,19.53 ± 0.09,0.006227473224154901,0.004509346884159811,0.02207431214167909,0.30097431484159304,0.0009911648836435237,4.714250102004625e-05,0.30181804500469867,0.0018795637938335398,2Q,0.0062 ± 0.0019,turbulent,0.0008425266694551736,0.006738176800395122,0.006552679638244013,0.006561290953234142,0.006526047385794143,0.006569730486518018,False,True,True,True,True,True,2635.5960582406874,,,,,,
B,pipe,0.285,PVC 0.285 inches 6.5 LPM 22.68 C,12:54:53,22.68,22.68,note,0.2,0.20223748416156687,33,0,6.6092121212121215,33,0,23226.765864369496,6.6092121212121215,0.16885714331494792,2.0369333434601016,0.05987413954079184,0.9084988281599999,0.9104696773390333,23226.765864369496,115.13483835313114,2.0369333434601016,40.82503850431797,82.737087518016,92.26109374943961,True,997.6138401587477,0.0009394287174591805,0.04729369743819234,4.481814001230922e-06,0.282,70.5,2.733649998095496,20793.34539180838,2867.6300017137305,23.282321204238183,0.09248835619953037,20800 ± 2900,23.28 ± 0.09,0.006231182254863979,0.003972188564184508,0.02207431214167909,0.27551534453460824,0.0009911648836435237,4.740681768274848e-05,0.276428550022921,0.001722476675640605,2Q,0.0062 ± 0.0017,turbulent,0.00076947695036621,0.006587117215137636,0.006405498776544111,0.006417416615455742,0.006379470592202737,0.006425538930207591,False,True,True,True,True,True,2868.2295322423006,,,,,,
B,pipe,0.285,PVC 0.285 inches 7 LPM 22.77 C,12:59:09,22.77,22.77,note,0.2,0.20223748416156687,36,0,7.074611111111111,36,0,26419.656581722204,7.074611111111111,0.14828125356473812,2.030107928250343,0.05017115807877905,0.9084988281599999,0.9098831056081099,26419.656581722204,106.56327821462244,2.030107928250343,36.05582599397535,82.737087518016,90.25213703326735,True,997.5927530082946,0.0009374376567725495,0.047474859591829954,4.466476412369198e-06,0.282,70.5,2.9261446441317154,22304.34661991162,2872.273181828506,26.483408687615572,0.09047869883537642,22300 ± 2900,26.48 ± 0.09,0.006186033930509941,0.003416098038749909,0.02207431214167909,0.2572249106891777,0.0009911648836435237,4.758941907774186e-05,0.2581948572957514,0.0015972021479146905,2Q,0.0062 ± 0.0016,turbulent,0.0007173489666680673,0.006472605040424551,0.006295074479839721,0.006309262491783478,0.006269484971413417,0.006317151725390705,False,True,True,True,True,True,3063.693727114963,,,,,,
B,pipe,0.285,PVC 0.285 inches 7.5 LPM 22.88 C,13:02:26,22.88,22.88,note,0.2,0.20223748416156687,34,0,7.678764705882354,34,0,30309.29222467276,7.678764705882354,0.1576993800690203,2.0345152974493383,0.05502391495157606,0.9084988281599999,0.9101635852882115,30309.29222467276,174.11258221837787,2.0345152974493383,60.750751916654856,82.737087518016,102.6454066649004,True,997.5668704528482,0.000935013382413748,0.04769583738692518,4.447827458502738e-06,0.282,70.5,3.1760298714336503,24271.219296758078,2881.175781821342,30.38321853141913,0.1029060194397731,24300 ± 2900,30.38 ± 0.10,0.0060241338948499165,0.003386598601644141,0.02207431214167909,0.23705989704072492,0.0009911648836435237,4.7812170591905804e-05,0.23811157843625802,0.0014344160304140764,2Q,0.0060 ± 0.0014,turbulent,0.0006592169847081861,0.006337290053386396,0.0061658427608075545,0.0061824589716748205,0.00614074984224877,0.006190080623785267,False,True,True,True,True,True,3316.725786269369,,,,,,
B,pipe,0.285,PVC 0.285 inches 8 LPM 22.92 C,13:06:17,22.92,22.92,note,0.2,0.20223748416156687,35,0,7.916,35,0,32589.015912873037,7.916,0.1641638349511925,2.0322445093177186,0.05639225034813625,0.9084988281599999,0.9102473326889895,32589.015912873037,124.6134844976905,2.0322445093177186,42.80622962199088,82.737087518016,93.15470436545031,True,997.5574288335742,0.0009341343388236929,0.0477760726440124,4.4410723366124965e-06,0.282,70.5,3.2741532557976476,25044.386586588076,2884.3918611502613,32.668811810643106,0.09339590492613904,25000 ± 2900,32.67 ± 0.09,0.006094882352556844,0.0028584693877992534,0.02207431214167909,0.22997658733931012,0.0009911648836435237,4.789305483883378e-05,0.23105337376800164,0.0014082431302773137,2Q,0.0061 ± 0.0014,turbulent,0.0006388657172609058,0.0062878023799823836,0.006118914209746526,0.006136351297921364,0.00609399692382516,0.006143877138400258,False,True,True,True,True,True,3415.9814450348786,,,,,,
B,pipe,0.285,PVC 0.285 inches 8.5 LPM 22.96 C,13:10:00,22.96,22.96,note,0.2,0.20223748416156687,35,0,8.57842857142857,35,0,37700.55257834918,8.57842857142857,0.18151831632004492,2.0322445093177186,0.06235372327733138,0.9084988281599999,0.9106361005223981,37700.55257834918,126.97165796773601,2.0322445093177186,43.61629055122464,82.737087518016,93.52970892937006,True,997.5479713512093,0.0009332566298976268,0.047856243909791374,4.4343311929860595e-06,0.282,70.5,3.5481417176314323,27165.424046557444,2889.101385258401,37.79322264299994,0.09377713893609946,27200 ± 2900,37.79 ± 0.09,0.006004018281941865,0.0024808577735033694,0.02207431214167909,0.21230837161840455,0.0009911648836435237,4.7973877231155734e-05,0.21346957460115637,0.0012816752285436956,2Q,0.0060 ± 0.0013,turbulent,0.0005889839957063954,0.0061613000819972395,0.005999756051697502,0.006019132073505971,0.005975272907631565,0.006026417805255776,False,True,True,True,True,True,3698.3601740055724,,,,,,
B,pipe,0.285,PVC 0.285 inches 9 LPM 22.99 C,13:13:15,22.99,22.99,note,0.2,0.20223748416156687,35,0,9.023828571428572,35,0,41221.350540452135,9.023828571428572,0.12812114802572053,2.0322445093177186,0.044011154201564116,0.9084988281599999,0.9095642376777173,41221.350540452135,135.86566172164964,2.0322445093177186,46.67148773541005,82.737087518016,94.99291246403791,True,997.54086783689,0.0009325992224150843,0.0479163304304393,4.429284486984176e-06,0.282,70.5,3.7323645397805323,28595.818225970757,2888.297720554033,41.322969183045366,0.09524777324833839,28600 ± 2900,41.32 ± 0.10,0.00593271390481232,0.0023044590053112796,0.02207431214167909,0.20159164826282228,0.0009911648836435237,4.803445349997851e-05,0.20281213758622088,0.0012032263887224819,2Q,0.0059 ± 0.0012,turbulent,0.0005595223704936262,0.006082762383648552,0.005926351565846146,0.005946818407233616,0.005902127067704178,0.005953958445045119,False,True,True,True,True,True,3887.642003204289,,,,,,
B,pipe,0.285,PVC 0.285 inches 9.5 LPM 23.02,13:16:26,23.02,23.02,note,0.2,0.20223748416156687,35,0,9.511142857142858,35,0,45452.60399334969,9.511142857142858,0.13731568242067424,2.0322445093177186,0.04716958727294634,0.9084988281599999,0.9097225350246048,45452.60399334969,150.75463829489956,2.0322445093177186,51.78603013505533,82.737087518016,97.6074718866988,True,997.5337554120223,0.000931942562965548,0.047976381062198925,4.424245608589399e-06,0.282,70.5,3.933923616987219,30161.101753953328,2891.4706534872835,45.56497837466753,0.0978733279792916,30200 ± 2900,45.56 ± 0.10,0.0058885628912000105,0.002147456103966674,0.02207431214167909,0.19129615624297014,0.0009911648836435237,4.8094995083532505e-05,0.19258008967319729,0.0011340199696335599,2Q,0.0059 ± 0.0011,turbulent,0.0005304846000164043,0.006002258330534184,0.0058515594166090165,0.005873056658475245,0.005827591218966027,0.005880049948296485,False,True,True,True,True,True,4094.7013549179305,,,,,,
B,pipe,0.285,PVC 0.285 inches 10 LPM 23.07,13:20:22,23.07,23.07,note,0.2,0.20223748416156687,34,0,9.906941176470589,34,0,48400.04031225785,9.906941176470589,0.11495636620869369,2.0345152974493383,0.040110172371260924,0.9084988281599999,0.9093838280372845,48400.04031225785,154.69733618079627,2.0345152974493383,53.97645232037078,82.737087518016,98.78705915279136,True,997.5218815838056,0.0009308497896956173,0.048076385819172174,4.4158648318522e-06,0.282,70.5,4.097630584630743,31452.737746114763,2894.3147449648914,48.520279309974796,0.09906007894926414,31500 ± 2900,48.52 ± 0.10,0.005779465591969107,0.0020410532411844384,0.02207431214167909,0.18358518776655505,0.0009911648836435237,4.819582077020643e-05,0.18492146185017738,0.001068747225979728,2Q,0.0058 ± 0.0011,turbulent,0.0005086997554601243,0.005939663889420257,0.005793717893458279,0.005815956033661855,0.005769942708031847,0.005822836989116208,False,True,True,True,True,True,4260.097803042227,,,,,,
B,pipe,0.41,PVC 0.41 inches 5.5 LPM 23.34.,13:42:36,23.34,23.34,note,0.2,0.20223748416156687,35,2,5.478837837837839,37,0,2885.7540788575398,5.540342857142857,0.23568772246557174,2.0322445093177186,0.08096156533631241,0.9084988281599999,0.9120991699534646,2885.7540788575398,73.25470805233513,2.0280940009804502,24.424335687033857,82.737087518016,86.2668755938034,True,997.4573365061241,0.0009249844364363129,0.04861469994324352,4.370980700762366e-06,0.408,76,1.0947318413717217,12233.804425310733,2015.2101212628493,2.8931102847623618,0.08648689732476086,12200 ± 2000,2.89 ± 0.09,0.006479866582068076,0.02989404960936802,0.015257245156748783,0.3292573017489507,0.0009194358460114266,4.873862586797971e-05,0.3309647356208039,0.002144607330192243,2Q,0.0065 ± 0.0021,turbulent,0.0013078515434575134,0.007521182037108678,0.007342370112207352,0.007327920818653433,0.007313162698776104,0.007338213836898696,False,True,True,True,True,True,582.4406842753415,,,,,,
B,pipe,0.41,PVC 0.41 inches 7.0 LPM 23.34.,13:45:27,23.34,23.34,note,0.2,0.20223748416156687,37,0,7.0729729729729724,37,0,4591.3679573539375,7.0729729729729724,0.15545408155295082,2.0280940009804502,0.05183097131526656,0.9084988281599999,0.9099761372451352,4591.3679573539375,71.78813861168467,2.0280940009804502,23.935357090583764,82.737087518016,86.12971014706596,True,997.4573365061241,0.0009249844364363129,0.04861469994324352,4.370980700762366e-06,0.408,76,1.3975685126945694,15618.052941489432,2011.2665522159987,4.603072020540247,0.08634955871908077,15600 ± 2000,4.60 ± 0.09,0.006325838940593408,0.01875905197471988,0.015257245156748783,0.2573107915786779,0.0009194358460114266,4.873862586797971e-05,0.2584460809556566,0.0016348882829530487,2Q,0.0063 ± 0.0016,turbulent,0.0010244554849405028,0.007075705697437346,0.006885519785850072,0.006885697503428451,0.0068585389141554666,0.0068948979503638905,False,True,True,True,True,True,743.5617838936121,,,,,,
B,pipe,0.41,PVC 0.41 inches 8.5 LPM 23.50,13:48:27,23.5,23.5,note,0.2,0.20223748416156687,39,0,8.492025641025638,39,0,6514.661698801046,8.492025641025638,0.12092635583594878,2.0243941639119694,0.03919978982863073,0.9084988281599999,0.9093441286392638,6514.661698801046,104.29930892280302,2.0243941639119694,33.80992473296614,82.737087518016,89.37861411664802,True,997.4187491004465,0.0009215368044668936,0.04893234712983485,4.34467596139627e-06,0.408,76,1.6779630984372063,18820.932112909795,2018.155317313562,6.531521193757887,0.08961049270199141,18800 ± 2000,6.53 ± 0.09,0.006226817026314879,0.013719609436219412,0.015257245156748783,0.21416424468766357,0.0009194358460114266,4.905898066781483e-05,0.21514688629992182,0.0013396802947709845,2Q,0.0062 ± 0.0013,turbulent,0.0008501173004617109,0.006753302468622616,0.006564854401113928,0.006573444059600046,0.006539346648048337,0.00658192576241194,False,True,True,True,True,True,889.4153454969355,,,,,,
B,pipe,0.41,PVC 0.41 inches 10 LPM 23.50,13:51:29,23.5,23.5,note,0.2,0.20223748416156687,40,0,10.403225,40,0,9538.655398592666,10.403225,0.11078287553959099,2.022690920036761,0.03543008244847827,0.9084988281599999,0.9091894255381543,9538.655398592666,160.6912433376975,2.022690920036761,51.39155282323814,82.737087518016,97.39875436856221,True,997.4187491004465,0.0009215368044668936,0.04893234712983485,4.34467596139627e-06,0.408,76,2.055602325363575,23056.73578449984,2019.1988326135343,9.563340780585289,0.0976519426865452,23100 ± 2000,9.56 ± 0.10,0.006075024115661121,0.010210952204325614,0.015257245156748783,0.1747899186143055,0.0009194358460114266,4.905898066781483e-05,0.17575383493098015,0.0010677087856256285,2Q,0.0061 ± 0.0011,turbulent,0.000693940380353241,0.0064191426624423415,0.006240898642418118,0.0062564435114465635,0.006216793394976486,0.006264236608907848,False,True,True,True,True,True,1089.5854945322371,,,,,,
B,pipe,0.41,PVC 0.41 inches 11.5 LPM 23.55,13:54:57,23.55,23.55,note,0.2,0.20223748416156687,34,0,11.527941176470588,34,0,11567.314032050033,11.527941176470588,0.09937743819809611,2.0345152974493383,0.034674427414516824,0.9084988281599999,0.9091602920742952,11567.314032050033,176.7764143520629,2.0345152974493383,61.68020688791098,82.737087518016,103.19822465866038,True,997.4066390430575,0.0009204636777495587,0.04903140665101091,4.3365000326828695e-06,0.408,76,2.277838140481192,25578.92799685509,2022.4059189398538,11.59739025112974,0.10346812146538624,25600 ± 2000,11.60 ± 0.10,0.005999721969248204,0.008921537391716418,0.015257245156748783,0.15773159806366138,0.0009194358460114266,4.915889340585616e-05,0.15872139794556087,0.0009522842582437682,2Q,0.0060 ± 0.0010,turbulent,0.0006255148770099821,0.006254691568906497,0.006084491729051507,0.006102843109767772,0.006061029211707762,0.006110316497272686,False,True,True,True,True,True,1205.9770521333448,,,,,,
B,pipe,0.41,PVC 0.41 inches 13 LPM 23.59,13:58:39,23.59,23.59,note,0.2,0.20223748416156687,37,0,12.673945945945947,37,0,13817.335863737888,12.673945945945947,0.10593969614464278,2.0280940009804502,0.035322053285237826,0.9084988281599999,0.9091852221722361,13817.335863737888,149.88361332545807,2.0280940009804502,49.97368473888654,82.737087518016,96.65813373609828,True,997.3969333713186,0.0009196066301089653,0.049110584150810155,4.32997439870676e-06,0.408,76,2.5042804282343933,28147.6909440455,2025.3857072014575,13.853397179630052,0.09691279856541324,28100 ± 2000,13.85 ± 0.10,0.005929348024545973,0.006995424782990704,0.015257245156748783,0.14347311027676585,0.0009194358460114266,4.92387559131655e-05,0.14445449337728006,0.0008565209649433648,2Q,0.0059 ± 0.0009,turbulent,0.0005684302855181348,0.00610682943201168,0.00594551288101161,0.005966058577623237,0.005922600842915008,0.005973254527328928,False,True,True,True,True,True,1324.629982522557,,,,,,
B,pipe,0.41,PVC 0.41 inches 14.5 LPM 23.62,14:01:58,23.62,23.62,note,0.2,0.20223748416156687,38,0,14.616973684210528,38,0,17841.67231211967,14.616973684210528,0.045708528296508524,2.0261924630291093,0.015024019393559938,0.9084988281599999,0.9086230472131065,17841.67231211967,131.29482829374982,2.0261924630291093,43.155536178356805,82.737087518016,93.31573261677423,True,997.3896438438649,0.0009189646906484705,0.04916992644189122,4.325088964417115e-06,0.408,76,2.8882087136480603,32485.419792810124,2027.5696579669536,17.88836732188155,0.09356411348139938,32500 ± 2000,17.89 ± 0.09,0.005756123873102377,0.005230212223625796,0.015257245156748783,0.12432437340906136,0.0009194358460114266,4.929861338081877e-05,0.12536959865079425,0.0007216429397551003,2Q,0.0058 ± 0.0007,turbulent,0.0004925286513779704,0.005891886372101605,0.005746200260103015,0.0057694038268811905,0.0057240409015452435,0.0057762123893260985,False,True,True,True,True,True,1526.641016757647,,,,,,
B,pipe,0.41,PVC 0.41 inches 16 LPM 23.66,14:05:33,23.66,23.66,note,0.2,0.20223748416156687,49,0,16.104102040816326,49,0,21280.96387496131,16.104102040816326,0.042784462180581725,2.010634757624232,0.012289132392362437,0.9084988281599999,0.9085819410174573,21280.96387496131,133.96722189741925,2.010634757624232,38.479878961329895,82.737087518016,91.24761221995038,True,997.379910785591,0.0009181098976051049,0.04924899513599712,4.318586746340379e-06,0.408,76,3.1820545650982583,35823.45336984666,2031.0903482382312,21.33686837365639,0.09149338353250384,35800 ± 2000,21.34 ± 0.09,0.005656294432460688,0.004287757488621566,0.015257245156748783,0.11283857227365168,0.0009194358460114266,4.9378370872946415e-05,0.11394981170370104,0.0006445336855195879,2Q,0.0057 ± 0.0006,turbulent,0.00044663477400722984,0.0057495601416877075,0.005615952049084789,0.005640583037545399,0.005594259132209832,0.005647144866423928,False,True,True,True,True,True,1680.396698658849,,,,,,
B,pipe,0.41,PVC 0.41 inches 17.5 LPM 23.69,14:08:23,23.69,23.69,note,0.2,0.20223748416156687,33,0,17.544454545454546,33,0,24864.709478779187,17.544454545454546,0.037726889373736916,2.0369333434601016,0.013377373289976634,0.9084988281599999,0.9085973117306877,24864.709478779187,141.59399702713068,2.0369333434601016,50.207048216659,82.737087518016,96.77899225345219,True,997.3726007323492,0.0009174696460565119,0.04930825594237831,4.313718834963434e-06,0.408,76,3.4666578451270555,39054.455544456316,2034.376297975252,24.930211097158242,0.09704176633112155,39100 ± 2000,24.93 ± 0.10,0.005568273674030149,0.0038922229248665994,0.015257245156748783,0.10357658134958536,0.0009194358460114266,4.943814970069593e-05,0.10477064922745703,0.0005833916479042961,2Q,0.0056 ± 0.0006,turbulent,0.0004096843696050747,0.0056267657670469986,0.005504658451053039,0.005530316531691549,0.005483346811357644,0.005536671397010661,False,True,True,True,True,True,1829.4149003014356,,,,,,
B,pipe,0.41,PVC 0.41 inches 19 LPM 23.71,14:10:32,23.71,23.71,note,0.2,0.20223748416156687,35,0,19.02005714285714,35,0,28739.08193690079,19.02005714285714,0.04282106604790437,2.0322445093177186,0.014709550842701967,0.9084988281599999,0.9086179019005113,28739.08193690079,148.23080864750528,2.0322445093177186,50.9190643179238,82.737087518016,97.15027926865007,True,997.3677224809019,0.0009170432126130545,0.0493477437829597,4.3104777204844725e-06,0.408,76,3.7582262895789733,42358.669883257404,2037.4168312809684,28.81493083154303,0.09741711387520978,42400 ± 2000,28.81 ± 0.10,0.005476061339056808,0.003380423893913944,0.015257245156748783,0.09554313060954571,0.0009194358460114266,4.947798356679287e-05,0.09681708739935413,0.0005301763092676871,2Q,0.0055 ± 0.0005,turbulent,0.0003777266860384614,0.005513671719675703,0.005403025127106881,0.005429466911374471,0.0053820467807118,0.005435635787920736,False,True,True,True,True,True,1982.3587625632929,,,,,,
B,pipe,0.41,PVC 0.41 inches 20.5 LPM 23.73,14:12:52,23.73,23.73,note,0.2,0.20223748416156687,34,0,20.647117647058824,34,0,33295.08714917709,20.647117647058824,0.03573366522845832,2.0345152974493383,0.012468065223707485,0.9084988281599999,0.9085843788105294,33295.08714917709,126.35063560345935,2.0345152974493383,44.085820911150755,82.737087518016,93.74958803308895,True,997.3628403251455,0.0009166170995237405,0.049387216148204516,4.307239928897494e-06,0.408,76,4.079721725460079,46003.370225862134,2040.740279546347,33.383123777022526,0.09401200877565367,46000 ± 2000,33.38 ± 0.09,0.00538372000845287,0.0028157183554753376,0.015257245156748783,0.08801077170594386,0.0009194358460114266,4.951780250014531e-05,0.08937256598192736,0.0004811568716836767,2Q,0.0054 ± 0.0005,turbulent,0.0003478006050740416,0.005401060861625342,0.005302638870819193,0.005329710933228179,0.005281974842828152,0.005335698837024082,False,True,True,True,True,True,2150.9386517677617,,,,,,
B,valve,globe 1/2 open,1/2 open globe 20.5 LPM 23.71,14:25:01,23.71,23.71,note,0.2,0.20223748416156687,35,0,20.47745714285714,35,0,4026.1836716921785,20.47745714285714,0.042241144465015285,2.0322445093177186,0.014510340809053014,0.9084988281599999,0.9086146987356566,4026.1836716921785,73.22440212249755,2.0322445093177186,25.15346219410724,82.737087518016,86.47613723631636,True,997.3677224809019,0.0009170432126130545,0.0493477437829597,4.3104777204844725e-06,0.791,nan,1.0765011390498305,23522.864242242435,1050.237324267146,4.036809675048687,0.08670459724646129,23500 ± 1100,4.04 ± 0.09,,0.02147843821540586,,0.08874292275616806,,4.947798356679287e-05,,,,,,,,,,,,,,,,,,,6.966895274745782,0.006295783589333506,0.09152195904019317,0.6376239039725987,7.0 ± 0.6,8.435414492955896
B,valve,globe 1/2 open,1/2 open globe 22.5 LPM 23.75,14:27:53,23.75,23.75,note,0.2,0.20223748416156687,32,0,22.274625,32,0,4787.3100881615765,22.274625,0.04995465685935096,2.0395134463964086,0.018010574407835836,0.9084988281599999,0.9086773363293449,4787.3100881615765,104.45880038611344,2.0395134463964086,37.661413673692294,82.737087518016,90.90548790290285,True,997.3579542666099,0.0009161913064601761,0.04942667305067516,4.304005455987826e-06,0.791,nan,1.1709783601120594,25610.8479964352,1052.4537155563878,4.799991886244937,0.09114661100477137,25600 ± 1100,4.80 ± 0.09,,0.01898884472257204,,0.0815885642366006,,4.955760651352124e-05,,,,,,,,,,,,,,,,,,,7.001204452446075,0.006295783589333506,0.08400541283184042,0.5881390703478517,7.0 ± 0.6,8.430215679747894
B,valve,globe 1/2 open,1/2 open globe 24.5 LPM 23.78,14:30:11,23.78,23.78,note,0.2,0.20223748416156687,33,0,24.508666666666667,33,0,5884.090340009164,24.508666666666667,0.047787071124590484,2.0369333434601016,0.016944558628608455,0.9084988281599999,0.9086568322723444,5884.090340009164,98.08960308359048,2.0369333434601016,34.78106088513862,82.737087518016,89.75047547093864,True,997.3506178644385,0.0009155532161957739,0.049485829439845475,4.299159959938559e-06,0.791,nan,1.2884220633059558,28198.92950196988,1054.7601992188654,5.899720955312968,0.08998936654137708,28200 ± 1100,5.90 ± 0.09,,0.015253075715149347,,0.07414983806590957,,4.9617284587246e-05,,,,,,,,,,,,,,,,,,,7.107963028111591,0.006295783589333506,0.07596376871148074,0.5399476594772251,7.1 ± 0.5,8.424840256960819
B,valve,globe 1/2 open,1/2 open globe 26.5 LPM 23.80,14:32:47,23.8,23.8,note,0.2,0.20223748416156687,34,0,26.700735294117653,34,0,7035.349505854863,26.700735294117653,0.06012477370890662,2.0345152974493383,0.0209785253029764,0.9084988281599999,0.9087410078190489,7035.349505854863,111.69124638768827,2.0345152974493383,38.97091820768034,82.737087518016,91.45577137017406,True,997.3457220556394,0.0009151282217625929,0.049525247741826206,4.29593376532301e-06,0.791,nan,1.4036592413336735,30735.17355054682,1057.0624367177923,7.054072976173431,0.0916998354739399,30700 ± 1100,7.05 ± 0.09,,0.012999463821102843,,0.06806861292836759,,4.9657051358027805e-05,,,,,,,,,,,,,,,,,,,7.160553028411433,0.006295783589333506,0.0695842042596922,0.4982613845413387,7.2 ± 0.5,8.420450767521949
B,valve,globe 1/2 open,1/2 open globe 28.5 LPM 23.83,14:34:59,23.83,23.83,note,0.2,0.20223748416156687,36,0,28.78211111111111,36,0,8226.345599618255,28.78211111111111,0.057096798898400955,2.030107928250343,0.01931877735355987,0.9084988281599999,0.9087042070588919,8226.345599618255,99.47813815004672,2.030107928250343,33.65855949099879,82.737087518016,89.32146594169255,True,997.3383710352261,0.0009144913279101052,0.04958434629071462,4.291100667043728e-06,0.791,nan,1.513077291736762,33153.871530847566,1059.5133299317963,8.248299512510883,0.08956077983952722,33200 ± 1100,8.25 ± 0.09,,0.010857976346852913,,0.0631436800136661,,4.9716673629278514e-05,,,,,,,,,,,,,,,,,,,7.205633875773328,0.006295783589333506,0.06437902871874063,0.4638917102251414,7.2 ± 0.5,8.416890333183119
B,valve,globe 1/2 open,1/2 open globe 30.5 LPM 23.86,14:37:20,23.86,23.86,note,0.2,0.20223748416156687,34,0,30.49926470588235,34,0,9288.110057907903,30.49926470588235,0.06463571994133802,2.0345152974493383,0.0225524688513645,0.9084988281599999,0.9087787049768413,9288.110057907903,178.72039106970237,2.0345152974493383,62.358492430520116,82.737087518016,103.60505407156097,True,997.3310112507262,0.0009138551504352502,0.04964341019336871,4.286274988584793e-06,0.791,nan,1.603348158270576,35156.04379772969,1061.878223848462,9.312966260078419,0.10388334910178997,35200 ± 1100,9.31 ± 0.10,,0.011154589407922827,,0.059593482907905414,,4.9776262477903134e-05,,,,,,,,,,,,,,,,,,,7.245399732001078,0.006295783589333506,0.060954470210429906,0.44163950212691655,7.2 ± 0.4,8.414313665245748
